id,direction,entry_ts,entry_price,sl_price,tp_price,rr_planned,exit_ts,exit_price,outcome
0,SELL,2009-10-12 02:00:00,1049.77,1056.87,1046.74,0.427,2009-10-12 15:00:00,1056.87,SL
1,BUY,2009-11-12 20:00:00,1107.22,1096.83,1115.5,0.797,2009-11-13 17:00:00,1115.5,TP
2,BUY,2009-11-18 20:00:00,1141.34,1135.97,1148.87,1.402,2009-11-19 10:00:00,1135.97,SL
3,SELL,2009-11-27 18:00:00,1173.2,1191.3,1154.87,1.013,2009-12-01 09:00:00,1191.3,SL
4,BUY,2009-12-09 20:00:00,1125.13,1102.95,1144.68,0.881,2009-12-17 17:00:00,1102.95,SL
5,BUY,2009-12-29 18:00:00,1097.63,1079.15,1107.76,0.548,2010-01-04 09:00:00,1107.76,TP
6,SELL,2010-01-11 03:00:00,1155.37,1164.62,1135.95,2.099,2010-01-12 19:00:00,1135.95,TP
7,SELL,2010-01-13 23:00:00,1137.86,1155.14,1125.71,0.703,2010-01-20 14:00:00,1125.71,TP
8,BUY,2010-01-20 19:00:00,1112.49,1090.8,1129.56,0.787,2010-01-21 17:00:00,1090.8,SL
9,BUY,2010-01-22 11:00:00,1094.55,1089.68,1098.29,0.768,2010-01-22 14:00:00,1089.68,SL
10,SELL,2010-02-03 11:00:00,1119.18,1141.3,1112.34,0.309,2010-02-03 14:00:00,1112.34,TP
11,BUY,2010-02-03 19:00:00,1110.84,1101.78,1116.82,0.66,2010-02-04 11:00:00,1101.78,SL
12,BUY,2010-02-05 10:00:00,1053.25,1034.94,1066.19,0.707,2010-02-05 21:00:00,1066.19,TP
13,SELL,2010-02-18 12:00:00,1106.2,1126.83,1098.61,0.368,2010-02-22 01:00:00,1126.83,SL
14,BUY,2010-02-23 13:00:00,1112.47,1101.03,1118.85,0.558,2010-02-23 18:00:00,1101.03,SL
15,SELL,2010-03-03 13:00:00,1138.65,1145.63,1134.05,0.659,2010-03-04 07:00:00,1134.05,TP
16,BUY,2010-03-12 19:00:00,1101.23,1089.05,1117.23,1.314,2010-03-16 13:00:00,1117.23,TP
17,SELL,2010-04-14 13:00:00,1158.79,1167.37,1154.6,0.488,2010-04-14 15:00:00,1154.6,TP
18,BUY,2010-04-16 19:00:00,1134.75,1122.64,1148.34,1.122,2010-04-21 18:00:00,1148.34,TP
19,SELL,2010-04-26 02:00:00,1157.57,1160.82,1153.4,1.283,2010-04-26 11:00:00,1153.4,TP
20,SELL,2010-05-17 09:00:00,1234.31,1247.93,1230.04,0.314,2010-05-17 11:00:00,1230.04,TP
21,BUY,2010-05-19 13:00:00,1207.64,1200.65,1214.87,1.034,2010-05-19 15:00:00,1200.65,SL
22,SELL,2010-06-04 14:00:00,1204.55,1224.37,1197.54,0.354,2010-06-04 16:00:00,1197.54,TP
23,BUY,2010-06-28 20:00:00,1239.68,1227.93,1260.43,1.766,2010-06-29 15:00:00,1227.93,SL
24,SELL,2010-07-07 22:00:00,1202.48,1213.42,1185.99,1.507,2010-07-09 16:00:00,1213.42,SL
25,SELL,2010-07-13 16:00:00,1214.83,1243.73,1198.13,0.578,2010-07-16 14:00:00,1198.13,TP
26,SELL,2010-07-30 20:00:00,1180.08,1185.43,1168.93,2.084,2010-08-02 15:00:00,1185.43,SL
27,BUY,2010-08-02 19:00:00,1181.91,1174.53,1186.99,0.688,2010-08-03 12:00:00,1186.99,TP
28,SELL,2010-08-25 11:00:00,1236.11,1243.73,1231.25,0.638,2010-08-26 12:00:00,1243.73,SL
29,BUY,2010-09-01 18:00:00,1246.05,1232.85,1253.8,0.587,2010-09-07 14:00:00,1253.8,TP
30,SELL,2010-09-23 01:00:00,1290.94,1295.88,1288.78,0.437,2010-09-23 14:00:00,1288.78,TP
31,BUY,2010-09-30 16:00:00,1306.16,1285.31,1315.42,0.444,2010-10-01 11:00:00,1315.42,TP
32,SELL,2010-10-11 17:00:00,1347.42,1353.39,1341.92,0.921,2010-10-11 19:00:00,1353.39,SL
33,BUY,2010-10-27 10:00:00,1331.75,1315.14,1340.45,0.524,2010-10-28 17:00:00,1340.45,TP
34,SELL,2010-10-29 20:00:00,1356.7,1370.82,1344.06,0.895,2010-11-03 16:00:00,1344.06,TP
35,BUY,2010-11-09 20:00:00,1402.6,1387.28,1420.3,1.155,2010-11-09 21:00:00,1387.28,SL
36,BUY,2010-11-19 17:00:00,1350.6,1333.2,1361.66,0.636,2010-11-22 05:00:00,1361.66,TP
37,BUY,2010-12-07 23:00:00,1400.9,1388.2,1428.6,2.181,2010-12-08 04:00:00,1388.2,SL
38,SELL,2010-12-17 05:00:00,1375.1,1386.2,1369.0,0.55,2010-12-17 12:00:00,1369.0,TP
39,SELL,2010-12-24 05:00:00,1382.0,1390.83,1378.85,0.357,2010-12-24 06:00:00,1378.85,TP
40,BUY,2011-01-27 22:00:00,1313.45,1306.72,1335.39,3.26,2011-01-28 17:00:00,1335.39,TP
41,BUY,2011-03-08 17:00:00,1425.45,1410.07,1434.49,0.588,2011-03-09 13:00:00,1434.49,TP
42,SELL,2011-03-22 16:00:00,1425.86,1431.93,1421.53,0.713,2011-03-23 10:00:00,1431.93,SL
43,SELL,2011-03-28 19:00:00,1420.5,1437.7,1412.16,0.485,2011-03-29 11:00:00,1412.16,TP
44,BUY,2011-04-11 22:00:00,1462.9,1456.25,1470.27,1.108,2011-04-12 02:00:00,1456.25,SL
45,BUY,2011-04-12 18:00:00,1453.2,1430.2,1465.3,0.526,2011-04-14 15:00:00,1465.3,TP
46,SELL,2011-04-25 19:00:00,1508.83,1517.98,1503.18,0.617,2011-04-26 08:00:00,1503.18,TP
47,BUY,2011-05-05 22:00:00,1473.9,1452.3,1511.98,1.763,2011-05-09 22:00:00,1511.98,TP
48,SELL,2011-06-02 21:00:00,1532.83,1542.5,1526.4,0.665,2011-06-03 13:00:00,1526.4,TP
49,BUY,2011-06-08 16:00:00,1537.0,1523.85,1541.75,0.361,2011-06-09 18:00:00,1541.75,TP
50,BUY,2011-06-22 22:00:00,1549.54,1541.09,1556.63,0.839,2011-06-23 12:00:00,1541.09,SL
51,BUY,2011-08-05 21:00:00,1658.45,1641.7,1663.75,0.316,2011-08-05 23:00:00,1663.75,TP
52,BUY,2011-08-24 23:00:00,1759.89,1732.32,1784.2,0.882,2011-08-25 07:00:00,1732.32,SL
53,SELL,2011-09-05 11:00:00,1893.94,1905.55,1878.92,1.294,2011-09-06 06:00:00,1905.55,SL
54,SELL,2011-09-20 14:00:00,1792.82,1826.73,1772.15,0.61,2011-09-22 08:00:00,1772.15,TP
55,BUY,2011-09-23 21:00:00,1639.3,1616.2,1688.91,2.148,2011-09-26 07:00:00,1616.2,SL
56,BUY,2011-10-04 15:00:00,1648.49,1614.01,1669.91,0.621,2011-10-04 18:00:00,1614.01,SL
57,BUY,2011-10-20 05:00:00,1626.64,1607.38,1642.25,0.81,2011-10-20 18:00:00,1607.38,SL
58,SELL,2011-11-08 01:00:00,1793.02,1816.36,1764.13,1.238,2011-11-09 22:00:00,1764.13,TP
59,SELL,2011-11-10 23:00:00,1758.18,1775.2,1750.95,0.425,2011-11-11 01:00:00,1750.95,TP
60,BUY,2011-11-14 10:00:00,1784.58,1760.59,1792.67,0.337,2011-11-15 11:00:00,1760.59,SL
61,BUY,2011-11-17 21:00:00,1720.5,1692.16,1757.01,1.288,2011-11-21 17:00:00,1692.16,SL
62,SELL,2011-11-23 21:00:00,1692.43,1709.97,1680.02,0.708,2011-11-25 10:00:00,1680.02,TP
63,SELL,2011-11-28 13:00:00,1712.85,1737.38,1704.89,0.325,2011-11-29 10:00:00,1704.89,TP
64,SELL,2011-11-30 14:00:00,1714.81,1726.37,1704.59,0.884,2011-11-30 15:00:00,1726.37,SL
65,SELL,2011-12-02 06:00:00,1743.06,1749.99,1740.69,0.342,2011-12-02 11:00:00,1749.99,SL
66,SELL,2011-12-07 17:00:00,1727.88,1746.71,1721.82,0.322,2011-12-08 15:00:00,1746.71,SL
67,BUY,2011-12-12 06:00:00,1691.79,1673.01,1713.42,1.152,2011-12-12 15:00:00,1673.01,SL
68,BUY,2011-12-20 06:00:00,1597.96,1592.11,1600.0,0.349,2011-12-20 09:00:00,1600.0,TP
69,SELL,2011-12-30 19:00:00,1575.96,1592.86,1564.75,0.663,2011-12-30 20:00:00,1564.75,TP
70,SELL,2012-01-04 07:00:00,1598.76,1606.13,1596.01,0.373,2012-01-04 10:00:00,1606.13,SL
71,BUY,2012-01-19 20:00:00,1653.28,1643.55,1658.82,0.569,2012-01-20 09:00:00,1658.82,TP
72,BUY,2012-02-29 23:00:00,1696.35,1648.99,1785.31,1.878,2012-03-14 14:00:00,1648.99,SL
73,SELL,2012-03-28 11:00:00,1678.58,1686.47,1674.21,0.554,2012-03-28 15:00:00,1674.21,TP
74,BUY,2012-03-28 21:00:00,1659.67,1642.06,1676.47,0.954,2012-04-02 17:00:00,1676.47,TP
75,SELL,2012-05-11 19:00:00,1586.32,1594.88,1582.68,0.425,2012-05-11 20:00:00,1582.68,TP
76,BUY,2012-05-14 16:00:00,1559.34,1525.09,1580.91,0.63,2012-05-18 11:00:00,1580.91,TP
77,SELL,2012-05-25 12:00:00,1559.87,1577.73,1552.82,0.395,2012-05-28 07:00:00,1577.73,SL
78,SELL,2012-06-01 18:00:00,1613.74,1642.6,1550.04,2.207,2012-06-28 20:00:00,1550.04,TP
79,BUY,2012-07-06 21:00:00,1579.17,1551.06,1595.36,0.576,2012-07-10 13:00:00,1595.36,TP
80,SELL,2012-07-20 22:00:00,1584.01,1590.38,1577.52,1.019,2012-07-23 07:00:00,1577.52,TP
81,SELL,2012-07-27 04:00:00,1613.22,1620.6,1610.19,0.411,2012-07-27 11:00:00,1620.6,SL
82,BUY,2012-08-08 22:00:00,1612.82,1603.32,1615.73,0.306,2012-08-09 04:00:00,1615.73,TP
83,SELL,2012-09-07 13:00:00,1695.15,1704.95,1692.17,0.304,2012-09-07 15:00:00,1704.95,SL
84,SELL,2012-09-07 22:00:00,1736.48,1790.28,1695.14,0.768,2012-10-01 16:00:00,1790.28,SL
85,BUY,2012-10-09 19:00:00,1765.73,1750.82,1774.18,0.567,2012-10-11 15:00:00,1774.18,TP
86,SELL,2012-10-31 15:00:00,1719.23,1727.64,1712.32,0.822,2012-11-02 04:00:00,1712.32,TP
87,BUY,2012-11-13 04:00:00,1723.92,1712.68,1728.47,0.405,2012-11-13 13:00:00,1728.47,TP
88,SELL,2012-12-12 02:00:00,1709.54,1714.31,1707.0,0.532,2012-12-12 10:00:00,1714.31,SL
89,SELL,2013-01-02 18:00:00,1689.96,1699.17,1681.89,0.876,2013-01-03 12:00:00,1681.89,TP
90,BUY,2013-02-18 08:00:00,1614.13,1603.78,1618.49,0.421,2013-02-19 18:00:00,1603.78,SL
91,SELL,2013-03-12 15:00:00,1593.81,1603.01,1581.88,1.297,2013-03-14 13:00:00,1581.88,TP
92,SELL,2013-04-08 07:00:00,1578.28,1582.65,1576.64,0.375,2013-04-08 08:00:00,1576.64,TP
93,BUY,2013-04-16 01:00:00,1350.23,1328.45,1379.29,1.334,2013-04-16 03:00:00,1328.45,SL
94,SELL,2013-05-01 22:00:00,1458.73,1475.69,1440.99,1.046,2013-05-03 05:00:00,1475.69,SL
95,BUY,2013-05-09 17:00:00,1466.78,1450.09,1472.15,0.322,2013-05-10 11:00:00,1450.09,SL
96,BUY,2013-05-16 14:00:00,1374.71,1336.14,1395.95,0.551,2013-05-20 19:00:00,1395.95,TP
97,SELL,2013-06-05 09:00:00,1403.19,1415.07,1398.6,0.386,2013-06-05 12:00:00,1398.6,TP
98,BUY,2013-06-11 14:00:00,1375.0,1356.61,1385.09,0.549,2013-06-12 17:00:00,1385.09,TP
99,BUY,2013-06-26 22:00:00,1224.05,1210.71,1244.23,1.513,2013-06-27 05:00:00,1244.23,TP
100,SELL,2013-07-01 19:00:00,1258.15,1287.63,1236.44,0.736,2013-07-05 11:00:00,1236.44,TP
101,BUY,2013-07-05 18:00:00,1215.71,1186.75,1240.18,0.845,2013-07-09 03:00:00,1240.18,TP
102,SELL,2013-07-22 05:00:00,1314.71,1375.0,1293.52,0.351,2013-08-02 07:00:00,1293.52,TP
103,SELL,2013-08-02 16:00:00,1310.71,1328.46,1287.6,1.302,2013-08-06 15:00:00,1287.6,TP
104,SELL,2013-08-23 20:00:00,1396.59,1415.3,1372.05,1.312,2013-08-27 14:00:00,1415.3,SL
105,BUY,2013-08-29 18:00:00,1405.96,1389.45,1412.58,0.401,2013-08-29 20:00:00,1412.58,TP
106,SELL,2013-10-09 21:00:00,1306.9,1321.45,1299.66,0.498,2013-10-10 11:00:00,1299.66,TP
107,BUY,2013-10-11 18:00:00,1267.83,1247.81,1289.94,1.104,2013-10-17 10:00:00,1289.94,TP
108,BUY,2013-11-07 17:00:00,1310.48,1274.54,1323.91,0.374,2013-11-12 18:00:00,1274.54,SL
109,SELL,2013-11-20 18:00:00,1262.51,1276.35,1256.8,0.413,2013-11-20 21:00:00,1256.8,TP
110,SELL,2013-12-04 18:00:00,1227.16,1252.92,1212.79,0.558,2013-12-06 15:00:00,1212.79,TP
111,SELL,2013-12-27 17:00:00,1215.6,1221.21,1211.24,0.777,2013-12-30 03:00:00,1211.24,TP
112,SELL,2013-12-30 17:00:00,1206.3,1214.99,1202.92,0.389,2013-12-30 21:00:00,1202.92,TP
113,BUY,2014-01-03 12:00:00,1232.44,1222.93,1235.77,0.35,2014-01-03 17:00:00,1235.77,TP
114,BUY,2014-01-07 08:00:00,1241.03,1235.69,1243.23,0.412,2014-01-07 14:00:00,1235.69,SL
115,BUY,2014-01-21 12:00:00,1247.78,1237.72,1253.12,0.531,2014-01-21 15:00:00,1237.72,SL
116,BUY,2014-02-26 19:00:00,1329.19,1320.01,1333.21,0.438,2014-02-27 13:00:00,1333.21,TP
117,SELL,2014-02-28 23:00:00,1326.21,1332.55,1321.33,0.77,2014-03-03 01:00:00,1332.55,SL
118,BUY,2014-04-15 11:00:00,1311.16,1300.79,1320.15,0.867,2014-04-15 15:00:00,1300.79,SL
119,SELL,2014-05-05 14:00:00,1311.65,1329.74,1305.75,0.326,2014-05-06 14:00:00,1305.75,TP
120,SELL,2014-05-14 16:00:00,1307.25,1314.38,1294.0,1.858,2014-05-15 15:00:00,1294.0,TP
121,SELL,2014-05-20 17:00:00,1293.85,1305.34,1288.28,0.485,2014-05-21 14:00:00,1288.28,TP
122,BUY,2014-05-27 21:00:00,1266.7,1256.16,1293.06,2.501,2014-05-28 18:00:00,1256.16,SL
123,SELL,2014-06-16 06:00:00,1281.37,1293.61,1273.04,0.681,2014-06-16 17:00:00,1273.04,TP
124,BUY,2014-06-16 23:00:00,1272.07,1259.82,1280.53,0.691,2014-06-17 15:00:00,1259.82,SL
125,SELL,2014-06-26 17:00:00,1314.78,1324.77,1307.08,0.771,2014-06-30 20:00:00,1324.77,SL
126,BUY,2014-07-15 19:00:00,1296.44,1266.23,1308.35,0.394,2014-07-17 18:00:00,1308.35,TP
127,BUY,2014-07-29 18:00:00,1298.72,1288.97,1309.67,1.123,2014-07-31 15:00:00,1288.97,SL
128,BUY,2014-08-04 20:00:00,1288.62,1282.3,1292.29,0.581,2014-08-05 10:00:00,1292.29,TP
129,SELL,2014-09-05 06:00:00,1262.92,1274.98,1258.23,0.389,2014-09-08 17:00:00,1258.23,TP
130,BUY,2014-09-22 21:00:00,1216.87,1211.8,1218.98,0.416,2014-09-23 04:00:00,1218.98,TP
131,BUY,2014-09-30 15:00:00,1206.15,1182.42,1216.98,0.456,2014-09-30 16:00:00,1216.98,TP
132,BUY,2014-10-13 16:00:00,1228.79,1217.2,1233.76,0.429,2014-10-13 22:00:00,1233.76,TP
133,BUY,2014-10-14 17:00:00,1233.39,1227.27,1235.56,0.355,2014-10-15 03:00:00,1227.27,SL
134,SELL,2014-10-20 07:00:00,1235.96,1241.57,1233.89,0.369,2014-10-20 10:00:00,1241.57,SL
135,SELL,2014-10-21 16:00:00,1251.91,1257.58,1247.8,0.725,2014-10-21 22:00:00,1247.8,TP
136,BUY,2014-10-23 01:00:00,1241.73,1231.53,1244.87,0.308,2014-10-23 17:00:00,1231.53,SL
137,BUY,2014-10-23 20:00:00,1229.03,1223.66,1234.86,1.086,2014-10-28 02:00:00,1223.66,SL
138,SELL,2014-11-10 01:00:00,1170.35,1230.44,1143.97,0.439,2014-12-01 01:00:00,1143.97,TP
139,SELL,2014-12-16 04:00:00,1196.99,1217.05,1190.46,0.326,2014-12-16 14:00:00,1217.05,SL
140,SELL,2015-01-13 04:00:00,1237.82,1243.66,1231.16,1.14,2015-01-13 10:00:00,1243.66,SL
141,SELL,2015-01-15 14:00:00,1254.82,1269.83,1228.9,1.727,2015-01-16 16:00:00,1269.83,SL
142,BUY,2015-01-21 21:00:00,1292.61,1271.89,1301.6,0.434,2015-01-22 16:00:00,1301.6,TP
143,BUY,2015-01-29 14:00:00,1268.07,1256.92,1282.59,1.302,2015-01-29 18:00:00,1256.92,SL
144,BUY,2015-02-13 21:00:00,1228.97,1221.23,1232.23,0.421,2015-02-16 04:00:00,1232.23,TP
145,BUY,2015-02-17 18:00:00,1205.97,1186.74,1223.65,0.919,2015-03-06 15:00:00,1186.74,SL
146,BUY,2015-03-12 12:00:00,1160.35,1150.15,1164.88,0.444,2015-03-12 17:00:00,1150.15,SL
147,SELL,2015-03-19 04:00:00,1173.48,1209.35,1152.59,0.582,2015-03-26 10:00:00,1209.35,SL
148,BUY,2015-04-07 01:00:00,1214.68,1199.64,1222.45,0.517,2015-04-08 21:00:00,1199.64,SL
149,BUY,2015-04-14 10:00:00,1194.06,1180.74,1200.68,0.497,2015-04-15 20:00:00,1200.68,TP
150,BUY,2015-04-24 22:00:00,1178.22,1169.34,1194.19,1.798,2015-04-27 17:00:00,1194.19,TP
151,SELL,2015-05-04 18:00:00,1190.34,1207.22,1181.03,0.552,2015-05-07 12:00:00,1181.03,TP
152,SELL,2015-05-12 02:00:00,1183.71,1190.31,1181.01,0.409,2015-05-12 08:00:00,1181.01,TP
153,SELL,2015-05-14 18:00:00,1222.87,1236.59,1217.67,0.379,2015-05-15 09:00:00,1217.67,TP
154,BUY,2015-05-15 14:00:00,1213.35,1191.22,1220.86,0.339,2015-05-15 17:00:00,1220.86,TP
155,BUY,2015-06-01 22:00:00,1188.74,1184.5,1203.72,3.533,2015-06-03 19:00:00,1184.5,SL
156,SELL,2015-07-09 01:00:00,1158.03,1170.39,1153.78,0.344,2015-07-13 15:00:00,1153.78,TP
157,SELL,2015-07-15 21:00:00,1148.92,1155.94,1145.32,0.513,2015-07-16 10:00:00,1145.32,TP
158,BUY,2015-07-27 17:00:00,1095.38,1077.51,1104.36,0.503,2015-08-10 17:00:00,1104.36,TP
159,BUY,2015-09-01 19:00:00,1140.97,1132.29,1145.7,0.545,2015-09-02 17:00:00,1132.29,SL
160,SELL,2015-09-14 09:00:00,1107.98,1112.72,1104.77,0.677,2015-09-14 14:00:00,1104.77,TP
161,SELL,2015-09-23 21:00:00,1130.98,1136.51,1125.44,1.002,2015-09-24 09:00:00,1136.51,SL
162,BUY,2015-09-30 18:00:00,1114.8,1104.24,1123.48,0.822,2015-10-02 15:00:00,1123.48,TP
163,SELL,2015-10-02 20:00:00,1135.53,1146.34,1106.25,2.709,2015-10-06 16:00:00,1146.34,SL
164,SELL,2015-12-03 16:00:00,1055.13,1071.36,1050.2,0.304,2015-12-04 15:00:00,1071.36,SL
165,SELL,2015-12-04 19:00:00,1083.94,1098.01,1061.47,1.597,2015-12-14 23:00:00,1061.47,TP
166,SELL,2016-01-12 22:00:00,1089.39,1097.97,1086.16,0.376,2016-01-13 02:00:00,1086.16,TP
167,BUY,2016-01-19 15:00:00,1086.02,1076.2,1092.61,0.671,2016-01-20 05:00:00,1092.61,TP
168,SELL,2016-01-27 23:00:00,1124.76,1138.25,1116.26,0.63,2016-01-28 16:00:00,1116.26,TP
169,BUY,2016-02-15 07:00:00,1219.25,1181.4,1233.27,0.37,2016-02-18 20:00:00,1233.27,TP
170,SELL,2016-02-18 21:00:00,1233.85,1257.69,1206.24,1.158,2016-02-22 10:00:00,1206.24,TP
171,BUY,2016-03-17 15:00:00,1264.81,1254.33,1268.78,0.379,2016-03-18 10:00:00,1254.33,SL
172,BUY,2016-03-22 14:00:00,1253.8,1243.11,1257.98,0.391,2016-03-23 03:00:00,1243.11,SL
173,BUY,2016-03-23 10:00:00,1234.64,1227.7,1248.29,1.967,2016-03-23 14:00:00,1227.7,SL
174,SELL,2016-03-28 11:00:00,1215.52,1221.96,1210.66,0.755,2016-03-28 15:00:00,1221.96,SL
175,SELL,2016-03-29 22:00:00,1242.01,1256.84,1217.65,1.643,2016-04-01 15:00:00,1217.65,TP
176,SELL,2016-04-12 12:00:00,1258.04,1266.81,1253.66,0.499,2016-04-12 16:00:00,1253.66,TP
177,BUY,2016-04-18 05:00:00,1234.23,1226.16,1236.9,0.331,2016-04-18 09:00:00,1236.9,TP
178,BUY,2016-04-27 22:00:00,1245.19,1231.27,1249.43,0.305,2016-04-28 06:00:00,1249.43,TP
179,BUY,2016-05-13 02:00:00,1266.7,1256.78,1270.44,0.377,2016-05-13 07:00:00,1270.44,TP
180,SELL,2016-06-08 17:00:00,1260.93,1273.89,1243.17,1.37,2016-06-10 16:00:00,1273.89,SL
181,SELL,2016-08-02 12:00:00,1359.83,1371.14,1349.24,0.936,2016-08-04 10:00:00,1349.24,TP
182,BUY,2016-08-05 16:00:00,1340.82,1330.11,1364.09,2.173,2016-08-08 12:00:00,1330.11,SL
183,SELL,2016-08-16 19:00:00,1348.25,1357.94,1343.43,0.497,2016-08-17 07:00:00,1343.43,TP
184,SELL,2016-08-19 09:00:00,1348.72,1353.36,1346.98,0.375,2016-08-19 10:00:00,1346.98,TP
185,BUY,2016-10-05 21:00:00,1266.74,1250.34,1273.35,0.403,2016-10-06 21:00:00,1250.34,SL
186,BUY,2016-10-13 17:00:00,1257.23,1250.63,1259.62,0.362,2016-10-14 15:00:00,1250.63,SL
187,BUY,2016-11-18 05:00:00,1209.13,1199.83,1218.19,0.974,2016-11-22 02:00:00,1218.19,TP
188,SELL,2016-11-22 04:00:00,1216.63,1231.33,1210.07,0.446,2016-11-22 17:00:00,1210.07,TP
189,SELL,2016-11-28 05:00:00,1191.59,1214.87,1180.73,0.466,2016-11-30 15:00:00,1180.73,TP
190,SELL,2016-12-21 07:00:00,1135.14,1139.73,1131.16,0.867,2016-12-21 17:00:00,1131.16,TP
191,SELL,2016-12-27 10:00:00,1143.8,1164.01,1131.64,0.602,2017-01-03 18:00:00,1164.01,SL
192,SELL,2017-01-30 06:00:00,1193.67,1202.52,1190.71,0.334,2017-01-30 10:00:00,1190.71,TP
193,SELL,2017-02-07 15:00:00,1230.63,1234.87,1229.11,0.358,2017-02-07 18:00:00,1234.87,SL
194,SELL,2017-02-13 23:00:00,1225.2,1234.05,1222.23,0.336,2017-02-14 15:00:00,1234.05,SL
195,SELL,2017-02-14 22:00:00,1227.36,1234.42,1223.86,0.496,2017-02-15 09:00:00,1223.86,TP
196,BUY,2017-02-21 14:00:00,1229.94,1216.64,1234.85,0.369,2017-02-21 18:00:00,1234.85,TP
197,BUY,2017-03-07 23:00:00,1215.72,1212.48,1220.17,1.373,2017-03-08 10:00:00,1212.48,SL
198,SELL,2017-03-15 07:00:00,1202.94,1207.53,1198.7,0.924,2017-03-15 14:00:00,1198.7,TP
199,SELL,2017-03-16 01:00:00,1220.4,1236.76,1199.72,1.264,2017-03-21 15:00:00,1236.76,SL
200,SELL,2017-04-11 19:00:00,1271.17,1292.13,1256.84,0.684,2017-04-17 01:00:00,1292.13,SL
201,SELL,2017-04-18 15:00:00,1285.02,1290.33,1282.26,0.52,2017-04-18 16:00:00,1282.26,TP
202,BUY,2017-05-04 05:00:00,1240.63,1231.38,1249.32,0.939,2017-05-04 15:00:00,1231.38,SL
203,SELL,2017-05-17 18:00:00,1255.87,1268.42,1242.84,1.038,2017-05-26 20:00:00,1268.42,SL
204,BUY,2017-05-30 16:00:00,1263.71,1253.12,1268.12,0.416,2017-05-31 18:00:00,1268.12,TP
205,BUY,2017-06-07 22:00:00,1287.01,1278.16,1290.73,0.42,2017-06-08 16:00:00,1278.16,SL
206,BUY,2017-06-08 18:00:00,1277.01,1259.72,1284.29,0.421,2017-06-13 16:00:00,1259.72,SL
207,BUY,2017-06-29 12:00:00,1247.11,1241.26,1252.52,0.925,2017-06-29 15:00:00,1241.26,SL
208,BUY,2017-07-12 19:00:00,1221.29,1217.5,1224.67,0.892,2017-07-13 17:00:00,1217.5,SL
209,SELL,2017-07-26 23:00:00,1260.84,1266.64,1247.93,2.226,2017-07-28 15:00:00,1266.64,SL
210,BUY,2017-08-21 03:00:00,1283.03,1269.22,1297.51,1.049,2017-08-28 09:00:00,1297.51,TP
211,BUY,2017-08-28 12:00:00,1296.92,1293.81,1297.96,0.334,2017-08-28 14:00:00,1297.96,TP
212,BUY,2017-08-29 23:00:00,1309.48,1293.81,1324.42,0.953,2017-09-01 15:00:00,1324.42,TP
213,SELL,2017-09-22 08:00:00,1297.73,1315.94,1291.86,0.322,2017-09-25 02:00:00,1291.86,TP
214,BUY,2017-10-06 01:00:00,1268.74,1251.44,1278.52,0.565,2017-10-09 04:00:00,1278.52,TP
215,SELL,2017-10-12 19:00:00,1293.03,1297.39,1291.12,0.438,2017-10-13 09:00:00,1297.39,SL
216,BUY,2017-10-17 10:00:00,1290.25,1284.49,1293.46,0.557,2017-10-17 15:00:00,1284.49,SL
217,SELL,2017-11-08 17:00:00,1283.52,1290.9,1279.38,0.561,2017-11-10 18:00:00,1279.38,TP
218,SELL,2017-11-17 05:00:00,1283.02,1289.39,1278.31,0.739,2017-11-17 18:00:00,1289.39,SL
219,SELL,2017-12-06 11:00:00,1267.83,1276.86,1264.86,0.329,2017-12-06 15:00:00,1264.86,TP
220,SELL,2017-12-29 21:00:00,1302.97,1313.56,1296.52,0.609,2018-01-02 15:00:00,1313.56,SL
221,BUY,2018-01-25 22:00:00,1347.99,1336.67,1362.58,1.289,2018-01-30 04:00:00,1336.67,SL
222,SELL,2018-01-31 06:00:00,1340.73,1348.9,1337.63,0.379,2018-01-31 21:00:00,1337.63,TP
223,SELL,2018-03-19 21:00:00,1316.74,1321.72,1310.08,1.337,2018-03-20 14:00:00,1310.08,TP
224,SELL,2018-04-02 22:00:00,1342.13,1346.99,1334.1,1.652,2018-04-03 16:00:00,1334.1,TP
225,BUY,2018-04-09 14:00:00,1329.62,1319.5,1333.04,0.338,2018-04-09 15:00:00,1333.04,TP
226,SELL,2018-04-09 22:00:00,1337.22,1348.22,1327.56,0.878,2018-04-11 14:00:00,1348.22,SL
227,BUY,2018-04-11 22:00:00,1351.07,1331.06,1361.24,0.508,2018-04-23 11:00:00,1331.06,SL
228,SELL,2018-04-30 22:00:00,1314.57,1324.88,1310.87,0.359,2018-05-01 09:00:00,1310.87,TP
229,BUY,2018-05-09 05:00:00,1311.09,1305.92,1316.35,1.017,2018-05-09 10:00:00,1305.92,SL
230,SELL,2018-05-16 18:00:00,1289.75,1296.87,1287.51,0.315,2018-05-17 11:00:00,1287.51,TP
231,BUY,2018-07-09 21:00:00,1259.11,1254.45,1265.03,1.27,2018-07-10 11:00:00,1254.45,SL
232,BUY,2018-07-12 01:00:00,1242.64,1237.82,1251.97,1.936,2018-07-13 14:00:00,1237.82,SL
233,BUY,2018-07-19 16:00:00,1216.91,1208.13,1224.91,0.911,2018-07-19 20:00:00,1224.91,TP
234,BUY,2018-07-19 23:00:00,1222.86,1215.94,1225.97,0.449,2018-07-20 04:00:00,1215.94,SL
235,SELL,2018-07-24 15:00:00,1225.23,1235.15,1219.08,0.62,2018-07-26 04:00:00,1235.15,SL
236,SELL,2018-07-30 18:00:00,1223.52,1227.32,1221.94,0.416,2018-07-30 22:00:00,1221.94,TP
237,SELL,2018-08-08 17:00:00,1210.25,1213.79,1208.3,0.551,2018-08-08 20:00:00,1213.79,SL
238,SELL,2018-08-20 20:00:00,1188.38,1198.67,1184.97,0.331,2018-08-22 14:00:00,1198.67,SL
239,BUY,2018-09-14 04:00:00,1203.9,1192.63,1210.29,0.567,2018-09-21 10:00:00,1210.29,TP
240,SELL,2018-09-28 21:00:00,1192.07,1202.44,1182.74,0.9,2018-10-02 16:00:00,1202.44,SL
241,BUY,2018-10-08 16:00:00,1186.09,1181.67,1194.27,1.851,2018-10-10 23:00:00,1194.27,TP
242,BUY,2018-10-24 17:00:00,1230.33,1221.65,1233.13,0.323,2018-10-24 22:00:00,1233.13,TP
243,SELL,2018-10-29 15:00:00,1229.81,1233.95,1228.55,0.304,2018-10-29 18:00:00,1228.55,TP
244,BUY,2018-11-13 13:00:00,1198.44,1186.22,1203.2,0.39,2018-11-13 15:00:00,1203.2,TP
245,SELL,2018-11-14 22:00:00,1211.88,1225.63,1198.55,0.969,2018-11-20 10:00:00,1225.63,SL
246,SELL,2018-12-06 14:00:00,1236.28,1240.19,1234.93,0.345,2018-12-06 16:00:00,1240.19,SL
247,SELL,2018-12-07 23:00:00,1248.41,1252.55,1245.77,0.638,2018-12-10 13:00:00,1245.77,TP
248,SELL,2018-12-19 18:00:00,1255.22,1265.84,1247.79,0.7,2018-12-19 21:00:00,1247.79,TP
249,BUY,2018-12-26 23:00:00,1266.78,1259.29,1278.11,1.513,2018-12-27 20:00:00,1278.11,TP
250,BUY,2019-01-18 12:00:00,1285.85,1280.01,1291.66,0.995,2019-01-21 10:00:00,1280.01,SL
251,BUY,2019-01-25 02:00:00,1280.79,1278.26,1283.4,1.032,2019-01-25 08:00:00,1283.4,TP
252,SELL,2019-02-11 20:00:00,1307.78,1315.23,1304.84,0.395,2019-02-13 17:00:00,1315.23,SL
253,SELL,2019-02-22 20:00:00,1330.01,1346.3,1323.06,0.427,2019-02-27 16:00:00,1323.06,TP
254,BUY,2019-03-04 01:00:00,1295.19,1281.53,1308.49,0.974,2019-03-05 17:00:00,1281.53,SL
255,SELL,2019-03-08 13:00:00,1293.13,1296.96,1286.37,1.765,2019-03-08 15:00:00,1296.96,SL
256,BUY,2019-03-12 10:00:00,1295.55,1291.96,1297.0,0.404,2019-03-12 11:00:00,1297.0,TP
257,BUY,2019-03-18 21:00:00,1302.69,1298.46,1305.48,0.66,2019-03-19 02:00:00,1305.48,TP
258,BUY,2019-03-19 11:00:00,1306.01,1302.27,1307.69,0.449,2019-03-19 12:00:00,1307.69,TP
259,SELL,2019-03-19 13:00:00,1308.01,1311.19,1304.47,1.113,2019-03-20 03:00:00,1304.47,TP
260,BUY,2019-03-26 15:00:00,1314.13,1306.79,1321.57,1.014,2019-03-28 11:00:00,1306.79,SL
261,BUY,2019-03-28 19:00:00,1290.95,1285.14,1311.39,3.518,2019-04-04 15:00:00,1285.14,SL
262,BUY,2019-04-11 17:00:00,1296.42,1284.35,1304.77,0.692,2019-04-15 15:00:00,1284.35,SL
263,BUY,2019-05-06 05:00:00,1282.51,1277.93,1284.18,0.365,2019-05-06 15:00:00,1277.93,SL
264,SELL,2019-05-13 17:00:00,1297.91,1309.13,1284.08,1.233,2019-05-16 18:00:00,1284.08,TP
265,BUY,2019-05-17 19:00:00,1275.73,1269.15,1285.8,1.53,2019-05-23 17:00:00,1285.8,TP
266,BUY,2019-06-05 19:00:00,1328.71,1321.57,1340.81,1.695,2019-06-07 15:00:00,1340.81,TP
267,BUY,2019-06-25 21:00:00,1424.33,1400.76,1431.73,0.314,2019-06-27 15:00:00,1400.76,SL
268,BUY,2019-07-05 18:00:00,1396.75,1381.66,1414.51,1.177,2019-07-10 21:00:00,1414.51,TP
269,SELL,2019-07-19 02:00:00,1442.89,1462.04,1426.25,0.869,2019-07-19 17:00:00,1426.25,TP
270,BUY,2019-07-19 22:00:00,1425.47,1414.56,1440.88,1.412,2019-07-23 08:00:00,1414.56,SL
271,BUY,2019-08-09 01:00:00,1502.53,1489.97,1506.99,0.355,2019-08-09 06:00:00,1506.99,TP
272,SELL,2019-08-13 19:00:00,1502.08,1534.95,1486.12,0.486,2019-08-26 01:00:00,1534.95,SL
273,SELL,2019-08-26 02:00:00,1547.23,1564.71,1526.25,1.2,2019-08-26 11:00:00,1526.25,TP
274,SELL,2019-08-30 01:00:00,1527.51,1545.18,1521.39,0.346,2019-08-30 20:00:00,1521.39,TP
275,BUY,2019-09-09 20:00:00,1504.11,1494.68,1514.05,1.054,2019-09-10 03:00:00,1494.68,SL
276,BUY,2019-09-26 12:00:00,1507.72,1503.32,1509.73,0.457,2019-09-26 13:00:00,1509.73,TP
277,SELL,2019-09-27 22:00:00,1496.33,1509.43,1491.81,0.345,2019-09-30 05:00:00,1491.81,TP
278,BUY,2019-10-03 21:00:00,1506.95,1498.15,1513.65,0.761,2019-10-04 15:00:00,1498.15,SL
279,SELL,2019-10-22 12:00:00,1487.73,1493.82,1484.56,0.521,2019-10-22 15:00:00,1484.56,TP
280,SELL,2019-11-08 19:00:00,1461.67,1472.87,1458.21,0.309,2019-11-08 23:00:00,1458.21,TP
281,SELL,2019-11-11 04:00:00,1462.63,1472.87,1458.5,0.403,2019-11-11 17:00:00,1458.5,TP
282,SELL,2019-11-11 23:00:00,1455.65,1466.36,1448.95,0.626,2019-11-12 08:00:00,1448.95,TP
283,BUY,2019-11-28 06:00:00,1456.31,1453.89,1457.54,0.508,2019-11-28 10:00:00,1457.54,TP
284,BUY,2019-12-04 13:00:00,1475.57,1459.78,1483.8,0.521,2019-12-06 17:00:00,1459.78,SL
285,BUY,2020-01-07 12:00:00,1565.6,1557.87,1569.66,0.525,2020-01-07 16:00:00,1569.66,TP
286,SELL,2020-01-14 11:00:00,1544.03,1563.13,1537.94,0.319,2020-01-21 03:00:00,1563.13,SL
287,BUY,2020-01-28 20:00:00,1569.59,1556.49,1576.12,0.498,2020-01-29 21:00:00,1576.12,TP
288,SELL,2020-02-06 17:00:00,1563.29,1592.0,1553.14,0.354,2020-02-18 16:00:00,1592.0,SL
289,BUY,2020-03-06 18:00:00,1663.36,1636.78,1687.95,0.925,2020-03-06 22:00:00,1687.95,TP
290,SELL,2020-03-09 02:00:00,1700.04,1723.27,1673.81,1.129,2020-03-09 06:00:00,1673.81,TP
291,BUY,2020-03-20 21:00:00,1489.16,1465.83,1499.22,0.431,2020-03-23 02:00:00,1499.22,TP
292,SELL,2020-03-24 14:00:00,1597.36,1642.96,1564.39,0.723,2020-03-26 19:00:00,1642.96,SL
293,BUY,2020-05-18 21:00:00,1732.24,1698.57,1763.85,0.939,2020-05-27 14:00:00,1698.57,SL
294,SELL,2020-06-22 13:00:00,1748.13,1753.64,1745.65,0.45,2020-06-22 15:00:00,1753.64,SL
295,BUY,2020-06-22 19:00:00,1755.06,1744.54,1759.57,0.429,2020-06-23 04:00:00,1759.57,TP
296,BUY,2020-07-09 19:00:00,1799.98,1775.53,1812.12,0.497,2020-07-13 16:00:00,1812.12,TP
297,BUY,2020-08-05 04:00:00,2016.52,1971.31,2030.95,0.319,2020-08-05 09:00:00,2030.95,TP
298,BUY,2020-08-11 10:00:00,1995.13,1971.31,2020.31,1.057,2020-08-11 15:00:00,1971.31,SL
299,BUY,2020-08-13 01:00:00,1915.7,1862.58,1946.87,0.587,2020-08-13 17:00:00,1946.87,TP
300,SELL,2020-08-20 08:00:00,1943.37,1995.39,1927.58,0.304,2020-08-20 11:00:00,1927.58,TP
301,BUY,2020-09-02 20:00:00,1938.4,1923.15,1964.8,1.731,2020-09-03 18:00:00,1923.15,SL
302,SELL,2020-10-28 19:00:00,1880.99,1910.87,1871.8,0.308,2020-10-29 13:00:00,1871.8,TP
303,SELL,2020-11-03 12:00:00,1897.01,1910.87,1890.71,0.455,2020-11-04 01:00:00,1910.87,SL
304,BUY,2020-11-23 19:00:00,1839.76,1815.59,1868.48,1.188,2020-11-24 12:00:00,1815.59,SL
305,BUY,2020-11-24 18:00:00,1803.43,1795.75,1810.24,0.887,2020-11-25 01:00:00,1810.24,TP
306,SELL,2020-12-08 08:00:00,1867.11,1876.14,1863.72,0.375,2020-12-08 10:00:00,1863.72,TP
307,BUY,2020-12-09 07:00:00,1859.14,1827.49,1870.08,0.346,2020-12-09 20:00:00,1827.49,SL
308,BUY,2021-01-06 21:00:00,1918.4,1891.11,1957.73,1.441,2021-01-08 10:00:00,1891.11,SL
309,BUY,2021-01-08 21:00:00,1846.53,1818.34,1890.78,1.57,2021-01-11 03:00:00,1818.34,SL
310,SELL,2021-01-25 14:00:00,1863.09,1875.01,1852.08,0.924,2021-01-25 17:00:00,1852.08,TP
311,SELL,2021-02-05 13:00:00,1802.84,1827.21,1795.23,0.312,2021-02-05 15:00:00,1795.23,TP
312,BUY,2021-02-19 21:00:00,1780.25,1767.87,1785.84,0.452,2021-02-22 01:00:00,1785.84,TP
313,BUY,2021-03-03 04:00:00,1732.85,1715.49,1738.15,0.305,2021-03-03 15:00:00,1715.49,SL
314,BUY,2021-03-08 07:00:00,1707.74,1691.65,1713.24,0.342,2021-03-08 11:00:00,1691.65,SL
315,BUY,2021-03-08 16:00:00,1686.9,1677.22,1707.77,2.156,2021-03-08 19:00:00,1677.22,SL
316,SELL,2021-03-19 12:00:00,1736.96,1752.53,1731.69,0.338,2021-03-22 08:00:00,1731.69,TP
317,SELL,2021-03-24 10:00:00,1731.07,1739.95,1727.64,0.386,2021-03-25 14:00:00,1727.64,TP
318,SELL,2021-04-06 13:00:00,1732.8,1735.42,1730.17,1.004,2021-04-06 14:00:00,1735.42,SL
319,BUY,2021-04-21 19:00:00,1790.85,1777.72,1795.82,0.379,2021-04-22 04:00:00,1795.82,TP
320,SELL,2021-04-26 07:00:00,1780.29,1786.9,1774.67,0.85,2021-04-26 15:00:00,1774.67,TP
321,BUY,2021-05-04 11:00:00,1785.84,1765.42,1792.61,0.332,2021-05-04 16:00:00,1792.61,TP
322,BUY,2021-05-04 20:00:00,1778.43,1765.42,1794.88,1.264,2021-05-06 09:00:00,1794.88,TP
323,BUY,2021-05-19 23:00:00,1870.15,1852.23,1889.06,1.055,2021-05-21 16:00:00,1889.06,TP
324,SELL,2021-06-01 06:00:00,1911.51,1927.64,1904.29,0.448,2021-06-01 16:00:00,1904.29,TP
325,SELL,2021-06-14 19:00:00,1864.24,1903.03,1848.35,0.41,2021-06-16 21:00:00,1848.35,TP
326,SELL,2021-06-28 03:00:00,1780.55,1790.34,1777.12,0.35,2021-06-28 04:00:00,1777.12,TP
327,SELL,2021-07-09 19:00:00,1810.35,1818.33,1800.25,1.266,2021-07-12 09:00:00,1800.25,TP
328,BUY,2021-07-14 20:00:00,1823.79,1809.81,1828.61,0.345,2021-07-15 01:00:00,1828.61,TP
329,BUY,2021-08-18 19:00:00,1782.97,1770.8,1788.2,0.43,2021-08-18 21:00:00,1788.2,TP
330,SELL,2021-08-26 19:00:00,1792.24,1807.36,1784.14,0.536,2021-08-27 17:00:00,1807.36,SL
331,BUY,2021-09-09 23:00:00,1794.36,1786.6,1796.82,0.317,2021-09-10 04:00:00,1796.82,TP
332,SELL,2021-09-21 19:00:00,1776.75,1796.2,1766.04,0.551,2021-09-22 21:00:00,1766.04,TP
333,SELL,2021-10-05 22:00:00,1760.2,1769.35,1752.5,0.842,2021-10-06 07:00:00,1752.5,TP
334,BUY,2021-10-07 17:00:00,1756.63,1745.95,1762.19,0.521,2021-10-08 14:00:00,1762.19,TP
335,SELL,2021-10-14 15:00:00,1799.05,1804.67,1788.48,1.881,2021-10-15 10:00:00,1788.48,TP
336,BUY,2021-10-20 04:00:00,1772.52,1763.0,1781.64,0.958,2021-10-20 14:00:00,1781.64,TP
337,SELL,2021-11-04 03:00:00,1775.54,1783.88,1764.86,1.281,2021-11-04 14:00:00,1783.88,SL
338,SELL,2021-11-18 07:00:00,1866.46,1870.94,1864.98,0.33,2021-11-18 08:00:00,1864.98,TP
339,BUY,2021-11-30 10:00:00,1792.79,1783.0,1795.8,0.307,2021-11-30 11:00:00,1795.8,TP
340,SELL,2022-01-25 18:00:00,1849.4,1865.72,1837.82,0.71,2022-01-26 16:00:00,1837.82,TP
341,SELL,2022-02-10 20:00:00,1835.28,1848.99,1830.46,0.352,2022-02-10 21:00:00,1830.46,TP
342,SELL,2022-02-24 07:00:00,1940.48,1959.29,1913.47,1.436,2022-02-24 12:00:00,1959.29,SL
343,BUY,2022-02-28 04:00:00,1909.48,1883.06,1919.79,0.39,2022-03-01 12:00:00,1919.79,TP
344,BUY,2022-03-01 15:00:00,1916.83,1901.39,1925.2,0.542,2022-03-01 16:00:00,1925.2,TP
345,SELL,2022-03-02 03:00:00,1935.57,1967.19,1916.37,0.607,2022-03-02 12:00:00,1916.37,TP
346,SELL,2022-03-17 07:00:00,1934.37,1998.88,1907.56,0.416,2022-03-29 14:00:00,1907.56,TP
347,SELL,2022-03-29 23:00:00,1919.31,1940.14,1897.03,1.07,2022-03-31 16:00:00,1940.14,SL
348,SELL,2022-04-21 17:00:00,1945.59,1957.32,1939.89,0.486,2022-04-21 18:00:00,1939.89,TP
349,SELL,2022-05-04 23:00:00,1881.75,1911.55,1866.92,0.498,2022-05-06 04:00:00,1866.92,TP
350,BUY,2022-05-30 12:00:00,1858.18,1848.22,1861.27,0.31,2022-05-31 03:00:00,1848.22,SL
351,BUY,2022-06-03 22:00:00,1850.74,1844.13,1863.42,1.918,2022-06-06 04:00:00,1844.13,SL
352,BUY,2022-06-10 16:00:00,1833.71,1810.96,1845.58,0.522,2022-06-10 17:00:00,1845.58,TP
353,BUY,2022-06-17 08:00:00,1845.42,1825.38,1856.47,0.551,2022-06-22 07:00:00,1825.38,SL
354,BUY,2022-07-06 22:00:00,1739.43,1722.24,1765.35,1.508,2022-07-13 15:00:00,1722.24,SL
355,BUY,2022-07-22 22:00:00,1724.15,1715.06,1734.71,1.162,2022-07-25 12:00:00,1734.71,TP
356,SELL,2022-08-03 09:00:00,1767.84,1786.15,1757.08,0.588,2022-08-03 17:00:00,1757.08,TP
357,BUY,2022-08-05 17:00:00,1777.92,1763.16,1787.88,0.675,2022-08-08 17:00:00,1787.88,TP
358,SELL,2022-08-10 16:00:00,1795.67,1812.09,1790.51,0.314,2022-08-10 21:00:00,1790.51,TP
359,SELL,2022-08-16 19:00:00,1776.3,1783.09,1771.76,0.669,2022-08-17 13:00:00,1771.76,TP
360,SELL,2022-08-29 18:00:00,1740.5,1765.5,1721.57,0.757,2022-08-30 17:00:00,1721.57,TP
361,BUY,2022-09-01 19:00:00,1694.95,1680.84,1701.81,0.486,2022-09-02 09:00:00,1701.81,TP
362,BUY,2022-09-09 18:00:00,1716.85,1706.68,1727.33,1.03,2022-09-12 12:00:00,1727.33,TP
363,BUY,2022-09-26 22:00:00,1624.29,1615.71,1646.27,2.562,2022-09-28 10:00:00,1615.71,SL
364,SELL,2022-10-03 23:00:00,1699.62,1706.0,1662.29,5.851,2022-10-04 09:00:00,1706.0,SL
365,SELL,2022-12-05 07:00:00,1807.41,1812.09,1795.99,2.44,2022-12-05 11:00:00,1795.99,TP
366,BUY,2022-12-05 22:00:00,1766.77,1744.91,1797.91,1.425,2022-12-09 13:00:00,1797.91,TP
367,BUY,2022-12-21 19:00:00,1816.87,1811.88,1818.74,0.375,2022-12-22 03:00:00,1818.74,TP
368,BUY,2022-12-28 13:00:00,1803.28,1791.18,1810.36,0.585,2022-12-29 10:00:00,1810.36,TP
369,BUY,2023-01-12 10:00:00,1882.11,1874.63,1884.46,0.314,2023-01-12 11:00:00,1884.46,TP
370,SELL,2023-02-27 18:00:00,1816.96,1826.33,1811.42,0.591,2023-02-28 09:00:00,1811.42,TP
371,SELL,2023-03-03 14:00:00,1845.78,1856.25,1838.44,0.701,2023-03-03 22:00:00,1856.25,SL
372,BUY,2023-03-07 22:00:00,1814.01,1807.8,1820.09,0.979,2023-03-08 16:00:00,1820.09,TP
373,SELL,2023-03-09 18:00:00,1825.98,1851.66,1817.95,0.313,2023-03-10 16:00:00,1851.66,SL
374,SELL,2023-03-15 16:00:00,1924.44,1959.68,1887.66,1.044,2023-03-17 16:00:00,1959.68,SL
375,SELL,2023-03-22 21:00:00,1972.68,1985.19,1945.81,2.148,2023-03-23 17:00:00,1985.19,SL
376,BUY,2023-03-31 12:00:00,1978.41,1963.95,1984.22,0.402,2023-03-31 15:00:00,1984.22,TP
377,BUY,2023-04-10 10:00:00,1997.45,1978.46,2011.68,0.749,2023-04-12 04:00:00,2011.68,TP
378,SELL,2023-04-17 22:00:00,1996.28,2015.05,1985.29,0.586,2023-04-19 11:00:00,1985.29,TP
379,BUY,2023-04-19 16:00:00,1990.65,1950.82,2007.31,0.418,2023-04-20 15:00:00,2007.31,TP
380,SELL,2023-04-27 23:00:00,1987.74,2000.9,1982.28,0.415,2023-04-28 10:00:00,1982.28,TP
381,BUY,2023-05-05 18:00:00,2015.23,1978.49,2049.78,0.94,2023-05-17 16:00:00,1978.49,SL
382,SELL,2023-05-26 13:00:00,1953.39,1964.77,1948.67,0.415,2023-05-26 15:00:00,1948.67,TP
383,BUY,2023-07-05 18:00:00,1923.24,1909.97,1929.31,0.457,2023-07-06 15:00:00,1909.97,SL
384,BUY,2023-07-27 02:00:00,1971.99,1963.89,1977.17,0.64,2023-07-27 04:00:00,1977.17,TP
385,SELL,2023-08-14 21:00:00,1908.07,1915.14,1904.24,0.542,2023-08-15 04:00:00,1904.24,TP
386,SELL,2023-08-30 18:00:00,1944.94,1954.84,1936.16,0.887,2023-09-01 17:00:00,1936.16,TP
387,BUY,2023-09-18 12:00:00,1926.95,1922.52,1929.9,0.666,2023-09-18 19:00:00,1929.9,TP
388,BUY,2023-09-21 17:00:00,1920.17,1909.71,1925.25,0.486,2023-09-22 05:00:00,1925.25,TP
389,SELL,2023-10-13 16:00:00,1910.64,1926.35,1876.97,2.143,2023-10-13 19:00:00,1926.35,SL
390,SELL,2023-10-16 01:00:00,1924.39,1947.42,1876.97,2.059,2023-10-18 14:00:00,1947.42,SL
391,BUY,2023-10-23 06:00:00,1973.66,1914.24,1991.62,0.302,2023-10-26 11:00:00,1991.62,TP
392,SELL,2023-11-06 13:00:00,1987.71,1995.14,1983.44,0.575,2023-11-06 14:00:00,1983.44,TP
393,BUY,2023-12-04 18:00:00,2025.92,2013.4,2070.88,3.591,2023-12-05 17:00:00,2013.4,SL
394,BUY,2023-12-22 19:00:00,2055.35,2027.27,2068.55,0.47,2023-12-26 22:00:00,2068.55,TP
395,SELL,2024-01-02 04:00:00,2067.83,2074.87,2063.68,0.589,2024-01-02 07:00:00,2074.87,SL
396,BUY,2024-01-12 21:00:00,2047.29,2032.71,2056.03,0.599,2024-01-15 04:00:00,2056.03,TP
397,BUY,2024-01-19 19:00:00,2028.93,2020.26,2035.27,0.731,2024-01-22 08:00:00,2020.26,SL
398,BUY,2024-02-26 04:00:00,2030.82,2015.92,2040.56,0.654,2024-02-29 15:00:00,2040.56,TP
399,BUY,2024-03-21 19:00:00,2180.86,2154.68,2207.7,1.025,2024-03-28 12:00:00,2207.7,TP
400,BUY,2024-04-04 23:00:00,2290.95,2265.42,2304.06,0.514,2024-04-05 17:00:00,2304.06,TP
401,BUY,2024-04-08 18:00:00,2327.83,2302.9,2340.08,0.491,2024-04-08 21:00:00,2340.08,TP
402,BUY,2024-04-16 11:00:00,2369.38,2323.98,2386.34,0.374,2024-04-16 18:00:00,2386.34,TP
403,SELL,2024-05-01 23:00:00,2319.48,2336.1,2299.34,1.212,2024-05-02 12:00:00,2299.34,TP
404,SELL,2024-05-02 19:00:00,2299.61,2320.99,2291.06,0.4,2024-05-03 16:00:00,2291.06,TP
405,SELL,2024-05-10 14:00:00,2372.14,2398.2,2349.47,0.87,2024-05-13 09:00:00,2349.47,TP
406,BUY,2024-05-13 15:00:00,2347.13,2306.89,2363.99,0.419,2024-05-15 10:00:00,2363.99,TP
407,SELL,2024-05-20 22:00:00,2426.79,2447.18,2413.9,0.632,2024-05-21 05:00:00,2413.9,TP
408,SELL,2024-06-04 08:00:00,2347.8,2352.83,2345.78,0.402,2024-06-04 09:00:00,2345.78,TP
409,BUY,2024-06-18 15:00:00,2313.96,2301.62,2324.46,0.851,2024-06-18 16:00:00,2324.46,TP
410,BUY,2024-07-08 14:00:00,2375.39,2356.04,2385.04,0.499,2024-07-08 18:00:00,2356.04,SL
411,BUY,2024-07-17 22:00:00,2457.93,2401.32,2482.84,0.44,2024-07-19 16:00:00,2401.32,SL
412,SELL,2024-07-30 21:00:00,2404.8,2431.9,2385.24,0.722,2024-07-31 21:00:00,2431.9,SL
413,BUY,2024-08-02 19:00:00,2430.36,2387.71,2469.82,0.925,2024-08-05 14:00:00,2387.71,SL
414,SELL,2024-08-05 20:00:00,2404.89,2445.44,2374.41,0.752,2024-08-12 16:00:00,2445.44,SL
415,BUY,2024-08-14 20:00:00,2441.42,2423.75,2474.66,1.881,2024-08-16 15:00:00,2474.66,TP
416,BUY,2024-08-22 18:00:00,2481.82,2450.64,2507.17,0.813,2024-08-23 17:00:00,2507.17,TP
417,BUY,2024-09-06 18:00:00,2505.47,2481.97,2522.17,0.711,2024-09-11 04:00:00,2522.17,TP
418,BUY,2024-09-30 15:00:00,2638.87,2623.74,2657.8,1.251,2024-10-01 16:00:00,2657.8,TP
419,BUY,2024-10-03 07:00:00,2654.91,2643.68,2660.19,0.47,2024-10-03 10:00:00,2643.68,SL
420,SELL,2024-11-06 11:00:00,2724.65,2743.65,2706.84,0.937,2024-11-06 13:00:00,2706.84,TP
421,BUY,2024-11-12 13:00:00,2597.83,2567.94,2624.05,0.877,2024-11-14 03:00:00,2567.94,SL
422,BUY,2024-11-25 06:00:00,2672.5,2621.0,2719.87,0.92,2024-11-25 20:00:00,2621.0,SL
423,BUY,2024-11-25 21:00:00,2625.65,2563.04,2680.75,0.88,2024-12-10 15:00:00,2680.75,TP
424,BUY,2024-12-16 01:00:00,2651.4,2634.59,2662.09,0.636,2024-12-16 13:00:00,2662.09,TP
425,SELL,2025-01-09 16:00:00,2672.46,2690.51,2662.3,0.563,2025-01-10 16:00:00,2690.51,SL
426,BUY,2025-01-21 12:00:00,2719.73,2689.26,2729.77,0.33,2025-01-21 15:00:00,2729.77,TP
427,BUY,2025-01-27 21:00:00,2739.35,2689.26,2771.16,0.635,2025-01-30 10:00:00,2771.16,TP
428,BUY,2025-02-03 19:00:00,2817.37,2793.01,2829.51,0.498,2025-02-04 15:00:00,2829.51,TP
429,SELL,2025-02-06 19:00:00,2852.2,2872.25,2841.99,0.509,2025-02-07 16:00:00,2872.25,SL
430,BUY,2025-02-11 16:00:00,2896.64,2852.39,2922.61,0.587,2025-02-13 07:00:00,2922.61,TP
431,SELL,2025-02-17 08:00:00,2896.42,2940.06,2879.36,0.391,2025-02-19 10:00:00,2940.06,SL
432,SELL,2025-04-03 18:00:00,3110.48,3167.73,3076.24,0.598,2025-04-04 15:00:00,3076.24,TP
433,SELL,2025-04-07 06:00:00,3018.94,3136.58,2978.75,0.342,2025-04-07 19:00:00,2978.75,TP
434,BUY,2025-04-07 23:00:00,2982.01,2932.99,3014.84,0.67,2025-04-08 09:00:00,3014.84,TP
435,BUY,2025-04-22 23:00:00,3380.93,3311.01,3456.52,1.081,2025-04-23 09:00:00,3311.01,SL
436,BUY,2025-05-08 10:00:00,3342.95,3222.78,3408.3,0.544,2025-05-12 10:00:00,3222.78,SL
437,BUY,2025-05-16 16:00:00,3180.45,3120.78,3209.27,0.483,2025-05-19 01:00:00,3209.27,TP
438,SELL,2025-05-21 02:00:00,3290.59,3342.99,3242.39,0.92,2025-05-22 05:00:00,3342.99,SL
439,BUY,2025-05-22 15:00:00,3304.04,3204.57,3338.56,0.347,2025-05-23 14:00:00,3338.56,TP
440,SELL,2025-05-26 06:00:00,3347.63,3365.87,3341.82,0.319,2025-05-26 09:00:00,3341.82,TP
441,BUY,2025-06-12 11:00:00,3356.76,3319.29,3374.18,0.465,2025-06-12 13:00:00,3374.18,TP
442,SELL,2025-06-19 02:00:00,3375.07,3395.73,3366.57,0.411,2025-06-19 08:00:00,3366.57,TP
443,BUY,2025-07-07 12:00:00,3308.96,3259.54,3335.92,0.546,2025-07-07 22:00:00,3335.92,TP
444,SELL,2025-07-09 23:00:00,3313.55,3337.98,3284.85,1.175,2025-07-11 08:00:00,3337.98,SL
445,BUY,2025-07-14 18:00:00,3345.14,3321.78,3372.05,1.152,2025-07-15 19:00:00,3321.78,SL
446,SELL,2025-07-22 21:00:00,3429.63,3446.32,3412.35,1.035,2025-07-23 16:00:00,3412.35,TP
447,SELL,2025-07-29 19:00:00,3323.12,3340.72,3317.45,0.322,2025-07-30 15:00:00,3317.45,TP
448,BUY,2025-07-30 17:00:00,3302.13,3283.26,3330.74,1.516,2025-07-30 21:00:00,3283.26,SL
449,SELL,2025-08-21 18:00:00,3343.55,3352.06,3328.95,1.716,2025-08-22 07:00:00,3328.95,TP
450,SELL,2025-08-26 05:00:00,3375.37,3404.24,3354.82,0.712,2025-08-28 14:00:00,3404.24,SL
451,BUY,2025-09-29 02:00:00,3766.91,3743.0,3783.1,0.677,2025-09-29 03:00:00,3783.1,TP
452,SELL,2025-10-29 03:00:00,3973.71,4019.75,3934.0,0.863,2025-10-29 11:00:00,4019.75,SL
453,SELL,2025-10-30 07:00:00,3963.64,4030.22,3921.84,0.628,2025-10-31 00:00:00,4030.22,SL
454,SELL,2025-11-05 08:00:00,3965.98,4014.79,3934.74,0.64,2025-11-06 10:00:00,4014.79,SL
455,SELL,2025-11-10 04:00:00,4048.09,4154.66,3999.57,0.455,2025-11-12 17:00:00,4154.66,SL
456,BUY,2025-11-14 17:00:00,4093.65,3984.32,4179.56,0.786,2025-11-28 02:00:00,4179.56,TP
457,BUY,2025-12-02 13:00:00,4205.15,4153.9,4225.02,0.388,2025-12-02 16:00:00,4225.02,TP
458,BUY,2025-12-11 10:00:00,4216.65,4188.92,4238.43,0.785,2025-12-11 16:00:00,4238.43,TP
459,SELL,2025-12-11 21:00:00,4273.59,4372.15,4220.41,0.54,2025-12-18 18:00:00,4372.15,SL
460,SELL,2025-12-24 08:00:00,4493.6,4525.94,4477.43,0.5,2025-12-24 15:00:00,4477.43,TP
461,BUY,2026-01-14 18:00:00,4616.99,4577.87,4638.71,0.555,2026-01-14 21:00:00,4638.71,TP
462,BUY,2026-01-27 01:00:00,5043.58,4912.21,5100.98,0.437,2026-01-27 18:00:00,5100.98,TP
463,BUY,2026-01-30 21:00:00,4932.81,4659.5,5033.17,0.367,2026-02-02 03:00:00,4659.5,SL
464,BUY,2026-02-04 19:00:00,4898.16,4643.83,5053.98,0.613,2026-02-09 17:00:00,5053.98,TP
465,SELL,2026-02-13 08:00:00,4967.3,5080.81,4920.18,0.415,2026-02-17 07:00:00,4920.18,TP
466,SELL,2026-02-24 21:00:00,5154.04,5181.47,5114.97,1.424,2026-02-25 03:00:00,5181.47,SL
467,BUY,2026-03-03 14:00:00,5224.47,4956.26,5327.77,0.385,2026-03-18 13:00:00,4956.26,SL
468,SELL,2026-04-06 13:00:00,4689.77,4800.45,4652.68,0.335,2026-04-06 18:00:00,4652.68,TP
469,SELL,2026-04-30 15:00:00,4639.58,4701.24,4542.11,1.581,2026-05-04 13:00:00,4542.11,TP
470,SELL,2026-05-08 07:00:00,4711.02,4753.48,4684.91,0.615,2026-05-11 01:00:00,4684.91,TP
471,BUY,2026-06-02 18:00:00,4502.1,4462.94,4533.24,0.795,2026-06-03 02:00:00,4462.94,SL
472,SELL,2026-06-15 02:00:00,4294.05,4363.5,4210.73,1.2,2026-06-15 16:00:00,4363.5,SL
473,BUY,2026-06-19 09:00:00,4147.7,4052.88,4256.52,1.148,2026-06-24 05:00:00,4052.88,SL
474,SELL,2026-07-06 22:00:00,4163.79,4203.03,4138.22,0.652,2026-07-07 04:00:00,4138.22,TP
475,SELL,2026-07-08 10:00:00,4121.14,4148.2,4111.16,0.369,2026-07-08 11:00:00,4111.16,TP
476,SELL,2026-08-21 21:00:00,4624.37,4710.45,4577.89,0.54,2026-08-27 12:00:00,4577.89,TP
477,SELL,2026-08-27 21:00:00,4610.32,4642.96,4572.27,1.166,2026-08-28 08:00:00,4572.27,TP
478,BUY,2026-08-31 02:00:00,4458.28,4335.02,4604.67,1.188,2026-09-01 16:00:00,4335.02,SL
479,SELL,2026-09-03 17:00:00,4485.26,4609.82,4427.17,0.466,2026-09-04 15:00:00,4427.17,TP
480,SELL,2026-09-04 21:00:00,4423.95,4490.67,4393.71,0.453,2026-09-07 04:00:00,4393.71,TP
481,BUY,2026-09-10 16:00:00,4365.58,4301.65,4394.01,0.445,2026-09-11 01:00:00,4301.65,SL
